Iteration,Independent Client,Independent Client Elevated,Client + Server,Client + Server Elevated
1,0.406956,0.381451,0.467232,0.438810
2,0.408540,0.380595,0.456946,0.434717
3,0.412150,0.380382,0.462121,0.436862
4,0.407874,0.379649,0.463003,0.432177
5,0.411405,0.386382,0.461777,0.435138
