Iteration,Independent Client,Independent Client Elevated,Client + Server,Client + Server Elevated
1,4.117225,3.805774,4.605084,4.359069
2,4.130100,3.797365,4.651756,4.319062
3,4.070513,3.795806,4.630542,4.313881
4,4.089708,3.795431,4.669357,4.359997
5,4.119040,3.807368,4.644140,4.369358
