Iteration,Independent Client,Independent Client Elevated,Client + Server,Client + Server Elevated
1,2.232786,2.127115,2.539866,2.193121
2,1.909979,1.814574,2.203467,2.048867
3,1.920525,1.787519,2.249961,2.065893
4,1.898315,1.786286,2.230057,2.089672
5,1.912873,1.782965,2.216390,2.078419
