Iteration,Independent Client,Independent Client Elevated,Client + Server,Client + Server Elevated
1,0.233874,0.213170,0.244273,0.230970
2,0.225477,0.204974,0.261793,0.233929
3,0.227111,0.207918,0.250636,0.232521
4,0.228412,0.206951,0.243741,0.231522
5,0.228892,0.209908,0.246635,0.230521
